<?xml version="1.0" encoding="UTF-8"?>
<project-private xmlns="http://www.netbeans.org/ns/project-private/1">
    <editor-bookmarks xmlns="http://www.netbeans.org/ns/editor-bookmarks/2" lastBookmarkId="0"/>
    <open-files xmlns="http://www.netbeans.org/ns/projectui-open-files/2">
        <group>
            <file>file:/C:/Users/ASUS/Documents/NetBeansProjects/MBO%20PBPS/src/database/connection.java</file>
            <file>file:/C:/Users/ASUS/Documents/NetBeansProjects/MBO%20PBPS/src/main_class/data.java</file>
            <file>file:/C:/Users/ASUS/Documents/NetBeansProjects/MBO%20PBPS/src/main_class/Login.java</file>
            <file>file:/C:/Users/ASUS/Documents/NetBeansProjects/MBO%20PBPS/src/main_class/absensi.java</file>
            <file>file:/C:/Users/ASUS/Documents/NetBeansProjects/MBO%20PBPS/nbproject/build-impl.xml</file>
            <file>file:/C:/Users/ASUS/Documents/NetBeansProjects/MBO%20PBPS/src/main_class/Interface.java</file>
        </group>
    </open-files>
</project-private>
